<?xml version="1.0" encoding="UTF-8"?>
<project-private xmlns="http://www.netbeans.org/ns/project-private/1">
    <editor-bookmarks xmlns="http://www.netbeans.org/ns/editor-bookmarks/2" lastBookmarkId="0"/>
    <open-files xmlns="http://www.netbeans.org/ns/projectui-open-files/2">
        <group>
            <file>file:/D:/Desarrollo%20IV/Halloween/src/java/Negocio/CategoriaBS.java</file>
            <file>file:/D:/Desarrollo%20IV/Halloween/src/java/formulario.java</file>
            <file>file:/D:/Desarrollo%20IV/Halloween/src/java/eliminar.java</file>
            <file>file:/D:/Desarrollo%20IV/Halloween/src/java/NewServlet.java</file>
            <file>file:/D:/Desarrollo%20IV/Halloween/src/java/Servicios/CategoryService.java</file>
            <file>file:/D:/Desarrollo%20IV/Halloween/src/java/insertar.java</file>
            <file>file:/D:/Desarrollo%20IV/Halloween/web/estilos.css</file>
            <file>file:/D:/Desarrollo%20IV/Halloween/web/index.jsp</file>
            <file>file:/D:/Desarrollo%20IV/Halloween/web/insercion.jsp</file>
        </group>
    </open-files>
</project-private>
